origen,destino,distancia,tiempo_estimado,velocidad_promedio,nivel_congestion,costo,disponibilidad,num_incidentes,distancia_km,buques_detectados
WP_NORTHSEA_S,DK_ESB,42.8,9.39,4.56,Baja,426.93,True,1,79.27,7
WP_NORTHSEA_S,WP_NORTHSEA_N,108.07,8.35,12.94,Baja,1078.0,True,0,200.15,2
WP_NORTHSEA_N,WP_SKAGERRAK,88.39,7.81,11.32,Baja,881.69,True,3,163.69,7
WP_SKAGERRAK,DK_HIR,19.41,1.54,12.59,Baja,193.61,True,2,35.95,9
DK_HIR,NO_KRS,70.77,6.63,10.67,Baja,705.93,True,1,131.06,4
WP_SKAGERRAK,NO_OSL,85.36,85.36,0.63,Baja,851.47,True,1,158.08,1
WP_SKAGERRAK,DK_SKA,35.56,6.3,5.64,Baja,354.71,True,2,65.85,17
DK_SKA,WP_KATTEGAT_N,33.85,2.74,12.35,Baja,337.65,True,2,62.68,6
WP_KATTEGAT_N,DK_FRH,26.0,2.11,12.35,Baja,259.35,True,2,48.15,6
DK_FRH,SE_GOT,48.62,3.4,14.32,Baja,484.98,True,2,90.04,15
WP_KATTEGAT_N,WP_KATTEGAT_S,59.36,4.58,12.97,Baja,592.12,True,1,109.93,8
WP_KATTEGAT_S,WP_EBELTOFT_S,43.85,2.88,15.2,Baja,437.4,True,2,81.22,8
WP_EBELTOFT_S,DK_AAR,15.21,3.21,4.74,Baja,151.72,True,1,28.17,1
WP_KATTEGAT_S,WP_STOREBAELT_N,46.99,3.58,13.14,Baja,468.73,True,2,87.03,2
WP_KATTEGAT_S,WP_ORESUND_N,29.46,2.27,12.96,Baja,293.86,True,3,54.57,1
WP_STOREBAELT_N,DK_FRC,40.59,40.59,0.56,Baja,404.89,True,0,75.17,1
WP_STOREBAELT_N,WP_STOREBAELT_S,33.72,2.95,11.44,Baja,336.36,True,4,62.44,10
WP_STOREBAELT_S,WP_LANGELAND_S,31.23,3.02,10.35,Baja,311.52,True,2,57.84,5
WP_LANGELAND_S,DE_KLM,31.42,3.34,9.42,Baja,313.41,True,0,58.19,1
WP_LANGELAND_S,WP_FEHMARNBELT,18.05,1.66,10.85,Baja,180.05,True,2,33.43,6
WP_ORESUND_N,SE_HEL,5.59,0.62,9.03,Baja,55.76,True,1,10.35,8
SE_HEL,DK_CPH,21.23,2.35,9.03,Baja,211.77,True,2,39.32,8
DK_CPH,SE_MAL,14.27,1.75,8.16,Baja,142.34,True,0,26.43,6
DK_CPH,WP_DROGDEN,8.56,0.78,10.99,Baja,85.39,True,0,15.85,14
WP_DROGDEN,WP_ORESUND_S,6.09,0.75,8.16,Baja,60.75,True,2,11.28,6
SE_MAL,WP_ORESUND_S,10.49,1.29,8.16,Baja,104.64,True,0,19.43,6
WP_FEHMARNBELT,DE_ROS,36.88,3.39,10.88,Baja,367.88,True,1,68.31,14
WP_FEHMARNBELT,WP_BALTIC_W,77.83,6.11,12.73,Baja,776.35,True,0,144.15,17
WP_DROGDEN,WP_BALTIC_W,54.0,5.08,10.62,Baja,538.65,True,2,100.0,8
DE_ROS,DK_GED,26.49,1.84,14.41,Baja,264.24,True,2,49.07,19
DK_GED,WP_BALTIC_W,56.06,4.4,12.73,Baja,559.2,True,2,103.83,17
DK_AAL,WP_HALS,17.58,2.41,7.29,Baja,175.36,True,1,32.55,2
DK_HOR,WP_HORSENS_M,8.76,0.73,12.0,Baja,87.38,True,0,16.23,15
DK_VEJ,WP_VEJLE_M,10.03,0.84,12.0,Baja,100.05,True,1,18.57,15
DK_ODN,WP_ODENSE_M,7.4,7.4,0.56,Baja,73.82,True,0,13.71,1
SE_UDD,WP_UDDEVALLA_M,13.0,1.08,12.0,Baja,129.68,True,0,24.07,15
DK_CPH,SE_LAN,12.82,1.42,9.03,Baja,127.88,True,1,23.75,8
DK_AAR,WP_SAMSO,25.22,5.32,4.74,Baja,251.57,True,2,46.7,1
DK_AAR,DK_GIL,69.95,5.32,13.14,Baja,697.75,True,0,129.54,2
DK_FRC,WP_ENDELAVE_N,27.2,4.1,6.63,Baja,271.32,True,1,50.37,1
DK_FRC,WP_EBELTOFT_S,40.73,3.39,12.0,Baja,406.28,True,2,75.42,15
DK_SKA,WP_SKAW_E,12.95,1.05,12.35,Baja,129.18,True,0,23.98,6
DK_SKA,DK_FRH,16.92,2.73,6.2,Baja,168.78,True,2,31.34,19
DK_SKA,WP_LAESO,25.68,4.14,6.2,Baja,256.16,True,2,47.55,19
SE_GOT,DK_GRN,84.57,6.52,12.97,Baja,843.59,True,2,156.62,8
SE_MAL,WP_DROGDEN,7.15,0.88,8.16,Baja,71.32,True,0,13.24,6
SE_HEL,WP_DROGDEN,27.19,3.01,9.03,Baja,271.22,True,0,50.35,8
DE_ROS,DE_PUT,37.01,3.4,10.88,Baja,369.17,True,0,68.54,14
DE_KLM,DK_RUD,39.36,4.18,9.42,Baja,392.62,True,2,72.9,1
NO_KRS,DK_HAN,64.78,5.72,11.32,Baja,646.18,True,2,119.97,7
NO_KRS,WP_NORTHSEA_N,82.06,13.81,5.94,Baja,818.55,True,0,151.97,7
NO_OSL,WP_OSLOFJORD,4.25,0.35,12.0,Baja,42.39,True,1,7.87,15
NO_OSL,WP_SKAW_E,82.02,30.6,2.68,Baja,818.15,True,2,151.91,1
NO_OSL,DK_SKA,82.86,67.92,1.22,Baja,826.53,True,0,153.45,3
DK_HVS,WP_NORTHSEA_N,52.39,9.6,5.46,Baja,522.59,True,2,97.04,11
DK_HVS,WP_NORTHSEA_S,63.75,12.12,5.26,Baja,635.91,True,1,118.06,6
DK_THY,WP_NORTHSEA_N,24.13,2.01,11.99,Baja,240.7,True,1,44.69,9
DK_THY,NO_MAN,80.7,13.59,5.94,Baja,804.98,True,2,149.45,7
DK_THY,NO_KRS,86.72,14.6,5.94,Baja,865.03,True,2,160.61,7
DK_HAN,WP_NORTHSEA_N,40.54,3.38,11.99,Baja,404.39,True,1,75.08,9
DK_HAN,WP_SKAGERRAK,50.61,5.13,9.86,Baja,504.83,True,0,93.73,10
DK_HAN,DK_HIR,52.64,4.18,12.59,Baja,525.08,True,2,97.49,9
DK_HIR,SE_LYS,62.15,10.73,5.79,Baja,619.95,True,2,115.1,15
DK_FRH,WP_LAESO,10.81,1.74,6.2,Baja,107.83,True,1,20.02,19
DK_FRH,WP_SKAW_E,23.78,1.93,12.35,Baja,237.21,True,0,44.04,6
DK_GRN,WP_ANHOLT,28.44,2.95,9.63,Baja,283.69,True,0,52.67,13
DK_GRN,WP_KATTEGAT_S,29.14,3.03,9.63,Baja,290.67,True,2,53.98,13
DK_GRN,WP_SAMSO,32.81,2.16,15.2,Baja,327.28,True,0,60.76,8
DK_EBE,WP_EBELTOFT_S,9.81,2.07,4.74,Baja,97.85,True,0,18.18,1
DK_EBE,WP_SAMSO,19.5,4.11,4.74,Baja,194.51,True,2,36.12,1
DK_EBE,WP_STOREBAELT_N,27.43,1.8,15.2,Baja,273.61,True,1,50.8,8
DK_HOR,WP_ENDELAVE_N,19.45,1.62,12.0,Baja,194.01,True,0,36.02,15
DK_HOR,DK_KAL,42.92,9.05,4.74,Baja,428.13,True,0,79.49,1
DK_KOL,WP_STOREBAELT_N,50.61,7.63,6.63,Baja,504.83,True,0,93.73,1
DK_ODN,WP_KATTEGAT_S,69.89,4.6,15.2,Baja,697.15,True,1,129.43,8
DK_ODN,WP_ANHOLT,83.97,5.52,15.2,Baja,837.6,True,0,155.52,8
DK_KER,DK_KOR,17.65,1.54,11.44,Baja,176.06,True,1,32.69,10
DK_KER,WP_HORSENS_M,29.22,29.22,0.56,Baja,291.47,True,0,54.11,1
DK_KER,WP_ANHOLT,82.24,5.41,15.2,Baja,820.34,True,2,152.31,8
DK_FAA,DK_FYN,10.77,1.2,9.0,Baja,107.43,True,2,19.95,4
DK_SVE,DK_RUD,7.99,7.76,1.03,Baja,79.7,True,2,14.79,1
DK_SVE,DK_SOB,15.8,15.34,1.03,Baja,157.61,True,0,29.26,1
DK_SVE,DK_VOR,44.83,44.83,0.78,Baja,447.18,True,1,83.03,2
DK_HUN,WP_KATTEGAT_S,23.48,1.81,12.96,Baja,234.21,True,1,43.48,1
DK_HUN,DK_GRN,40.93,3.11,13.14,Baja,408.28,True,1,75.79,2
DK_HUN,WP_EBELTOFT_S,41.51,2.73,15.2,Baja,414.06,True,0,76.88,8
DK_GIL,WP_ORESUND_N,9.04,1.0,9.03,Baja,90.17,True,2,16.74,8
DK_GIL,WP_KATTEGAT_S,21.92,1.69,12.96,Baja,218.65,True,0,40.59,1
DK_GIL,SE_HAL,37.22,3.1,12.0,Baja,371.27,True,2,68.93,15
DK_KAL,WP_ODENSE_M,21.22,1.85,11.44,Baja,211.67,True,2,39.3,10
DK_KAL,DK_NYB,24.17,2.11,11.44,Baja,241.1,True,0,44.76,10
DK_KAL,DK_EBE,33.45,2.2,15.2,Baja,333.66,True,2,61.94,8
DK_KOR,WP_STOREBAELT_S,8.52,0.74,11.44,Baja,84.99,True,2,15.77,10
DK_KOR,DK_NYB,11.75,1.03,11.44,Baja,117.21,True,2,21.77,10
DK_NYB,WP_STOREBAELT_S,12.21,1.07,11.44,Baja,121.79,True,1,22.61,10
DK_NAK,DK_ROD,7.39,0.68,10.85,Baja,73.72,True,1,13.69,6
DK_NAK,WP_FEHMARNBELT,9.58,0.88,10.85,Baja,95.56,True,2,17.75,6
DK_NAK,WP_LANGELAND_S,10.14,0.93,10.85,Baja,101.15,True,2,18.77,6
DK_BAN,WP_STOREBAELT_S,25.26,25.26,0.78,Baja,251.97,True,2,46.79,2
DK_BAN,DK_KOR,32.21,32.21,0.78,Baja,321.29,True,2,59.66,2
DK_BAN,DK_NYB,36.64,3.54,10.35,Baja,365.48,True,0,67.86,5
DK_GED,WP_FEHMARNBELT,22.0,2.02,10.88,Baja,219.45,True,0,40.75,14
DK_GED,DE_PUT,24.85,2.28,10.88,Baja,247.88,True,1,46.02,14
DK_ROD,WP_FEHMARNBELT,6.83,0.63,10.88,Baja,68.13,True,0,12.65,14
DK_ROD,DE_PUT,10.47,0.96,10.88,Baja,104.44,True,0,19.4,14
DK_KOG,WP_ORESUND_S,19.2,1.75,10.99,Baja,191.52,True,1,35.57,14
DK_KOG,WP_DROGDEN,21.74,1.98,10.99,Baja,216.86,True,0,40.26,14
DK_KOG,SE_MAL,28.63,2.61,10.99,Baja,285.58,True,0,53.03,14
DK_RUD,DK_FYN,25.07,24.34,1.03,Baja,250.07,True,2,46.44,1
DK_SOB,DK_FYN,11.42,1.27,9.0,Baja,113.91,True,0,21.14,4
DK_SOB,WP_LILLEBAELT,33.26,3.7,9.0,Baja,331.77,True,0,61.61,4
DK_FYN,WP_LILLEBAELT,22.96,2.55,9.0,Baja,229.03,True,1,42.53,4
DK_RON,WP_BORNHOLM_W,27.48,1.98,13.87,Baja,274.11,True,1,50.9,7
DK_RON,SE_YST,36.04,3.29,10.95,Baja,359.5,True,0,66.74,11
DK_RON,WP_BALTIC_W,45.13,4.08,11.06,Baja,450.17,True,1,83.57,15
SE_HAL,WP_KATTEGAT_S,39.75,3.31,12.0,Baja,396.51,True,1,73.61,15
SE_HAL,DK_HUN,53.83,4.49,12.0,Baja,536.95,True,1,99.69,15
SE_LAN,WP_DROGDEN,16.3,2.0,8.16,Baja,162.59,True,2,30.19,6
SE_LAN,SE_MAL,16.52,2.02,8.16,Baja,164.79,True,0,30.6,6
SE_TRE,WP_FALSTERBO,7.89,0.97,8.16,Baja,78.7,True,2,14.62,6
SE_TRE,WP_BORNHOLM_W,30.69,2.55,12.05,Baja,306.13,True,0,56.83,9
SE_TRE,WP_BALTIC_W,36.84,3.06,12.05,Baja,367.48,True,1,68.23,9
SE_YST,WP_BORNHOLM_W,20.0,2.07,9.66,Baja,199.5,True,0,37.04,1
SE_YST,WP_BALTIC_W,39.39,3.27,12.05,Baja,392.92,True,2,72.95,9
SE_LYS,WP_UDDEVALLA_M,3.84,0.32,12.0,Baja,38.3,True,1,7.1,15
SE_LYS,WP_SKAW_E,34.09,3.79,9.0,Baja,340.05,True,0,63.13,9
SE_LYS,DK_SKA,42.28,4.7,9.0,Baja,421.74,True,0,78.31,9
DE_TRV,DK_GED,52.6,4.83,10.88,Baja,524.68,True,2,97.42,14
DE_PUT,WP_FEHMARNBELT,3.87,0.36,10.88,Baja,38.6,True,0,7.16,14
DE_PUT,DK_NAK,11.25,1.04,10.85,Baja,112.22,True,2,20.84,6
DE_CUX,WP_KIEL_W,5.76,0.48,12.0,Baja,57.46,True,0,10.67,15
DE_CUX,WP_NORTHSEA_S,79.93,10.61,7.53,Baja,797.3,True,1,148.02,3
DE_BRV,WP_NORTHSEA_S,88.65,11.77,7.53,Baja,884.28,True,2,164.18,3
NO_MAN,DK_HAN,64.04,10.78,5.94,Baja,638.8,True,0,118.6,7
NO_MAN,WP_SKAGERRAK,66.31,6.01,11.03,Baja,661.44,True,2,122.8,3
NO_MAN,WP_NORTHSEA_N,70.87,10.12,7.0,Baja,706.93,True,2,131.24,1
NO_LAR,SE_LYS,64.06,52.51,1.22,Baja,639.0,True,2,118.65,3
NO_LAR,WP_SKAGERRAK,76.88,76.88,0.63,Baja,766.88,True,0,142.38,1
NO_LAR,DK_SKA,81.84,67.08,1.22,Baja,816.35,True,2,151.57,3
PL_SWI,WP_BALTIC_E,25.01,2.08,12.0,Baja,249.47,True,2,46.33,15
PL_SWI,WP_BALTIC_W,59.53,4.9,12.14,Baja,593.81,True,0,110.25,3
PL_SWI,WP_BORNHOLM_W,72.48,5.97,12.14,Baja,722.99,True,2,134.24,3
WP_SKAGERRAK,WP_SKAW_E,48.12,8.53,5.64,Baja,480.0,True,2,89.11,17
WP_KATTEGAT_N,WP_SKAW_E,28.7,2.32,12.35,Baja,286.28,True,1,53.15,6
WP_KATTEGAT_N,WP_HALS,33.03,2.67,12.35,Baja,329.47,True,0,61.17,1
WP_KATTEGAT_S,WP_ANHOLT,23.38,2.43,9.63,Baja,233.22,True,1,43.3,13
WP_STOREBAELT_N,WP_SAMSO,8.26,0.54,15.2,Baja,82.39,True,2,15.31,8
WP_STOREBAELT_N,WP_ODENSE_M,17.12,17.12,0.56,Baja,170.77,True,2,31.7,1
WP_STOREBAELT_N,WP_EBELTOFT_S,19.27,1.27,15.2,Baja,192.22,True,2,35.7,8
WP_ORESUND_N,SE_LAN,17.2,1.9,9.03,Baja,171.57,True,2,31.85,8
WP_NORTHSEA_S,WP_KIEL_W,77.66,10.31,7.53,Baja,774.66,True,0,143.82,3
WP_BALTIC_W,WP_BORNHOLM_W,22.69,1.88,12.05,Baja,226.33,True,0,42.01,9
WP_BALTIC_W,WP_FALSTERBO,33.56,3.16,10.62,Baja,334.76,True,2,62.16,8
WP_BALTIC_W,WP_BALTIC_E,34.7,2.86,12.14,Baja,346.13,True,0,64.27,3
WP_LAESO,WP_HALS,20.49,1.62,12.61,Baja,204.39,True,1,37.95,1
WP_ANHOLT,WP_KATTEGAT_N,36.01,2.78,12.97,Baja,359.2,True,0,66.68,8
WP_SAMSO,WP_EBELTOFT_S,11.01,2.32,4.74,Baja,109.82,True,0,20.39,1
WP_SAMSO,WP_ODENSE_M,19.3,19.3,0.56,Baja,192.52,True,1,35.75,1
WP_BALTIC_E,WP_BORNHOLM_W,48.16,3.97,12.14,Baja,480.4,True,0,89.19,3
WP_SKAW_E,WP_LAESO,28.19,2.28,12.35,Baja,281.2,True,2,52.22,6
WP_FALSTERBO,DK_CPH,28.65,3.51,8.16,Baja,285.78,True,0,53.07,6
WP_FALSTERBO,DK_KOG,29.67,2.7,10.99,Baja,295.96,True,0,54.96,14
WP_OSLOFJORD,WP_SKAW_E,77.98,29.1,2.68,Baja,777.85,True,1,144.42,1
WP_OSLOFJORD,DK_SKA,78.66,64.48,1.22,Baja,784.63,True,0,145.67,3
WP_HALS,WP_ANHOLT,40.72,3.3,12.35,Baja,406.18,True,2,75.42,1
WP_LANGELAND_S,DK_ROD,17.52,1.61,10.85,Baja,174.76,True,2,32.45,6
WP_LANGELAND_S,DE_PUT,17.86,1.65,10.85,Baja,178.15,True,1,33.07,6
WP_HORSENS_M,WP_ENDELAVE_N,10.81,2.28,4.74,Baja,107.83,True,1,20.02,1
WP_HORSENS_M,WP_ODENSE_M,18.2,18.2,0.56,Baja,181.54,True,1,33.7,1
WP_VEJLE_M,WP_ODENSE_M,22.79,3.44,6.63,Baja,227.33,True,2,42.21,1
WP_VEJLE_M,WP_ENDELAVE_N,23.59,3.56,6.63,Baja,235.31,True,2,43.68,1
WP_VEJLE_M,WP_STOREBAELT_N,37.92,37.92,0.56,Baja,378.25,True,0,70.22,1
WP_ODENSE_M,WP_ENDELAVE_N,12.72,12.72,0.56,Baja,126.88,True,1,23.56,1
WP_ENDELAVE_N,WP_EBELTOFT_S,14.82,3.13,4.74,Baja,147.83,True,2,27.45,1
WP_UDDEVALLA_M,WP_SKAW_E,36.31,7.34,4.95,Baja,362.19,True,2,67.25,2
WP_UDDEVALLA_M,DK_SKA,45.21,5.02,9.0,Baja,450.97,True,2,83.73,9
